DNI;APELLIDOS Y NOMBRES;INFORME LABORATORIO 1;INFORME LABORATORIO 2;PRACTICA 1;PRACTICA 2;PRACTICA 3;PRACTICA 4;EXPOSICIÓN
73165111;BANCES HUAMAN, MANUEL ALEXANDER;A;A;C;C;C;C;B
71352035;BRAVO CHINGUEL, DAVID EMANUEL;C;C;C;C;C;C;C
61942049;CARMONA SANCHEZ, JOHNY JESUS;AD;AD;A;AD;AD;A;AD
72343137;CARRANZA SAGUMA, ENOC ELIAS;C;C;C;C;C;C;C
74006427;CHASQUEZ CALLE, JOHAN JAMIR;AD;A;A;A;A;A;B
72825697;CORNEJO CONSTANTINO, DIEGO OMAR;C;C;C;C;C;C;C
62578751;CRUZ PALACIOS, JEREMY ANDRES;C;C;C;C;C;B;C
77552084;CUSTODIO LOPEZ, STHEFANY ANDREA;AD;A;B;B;C;A;AD
72983930;DAVILA INGA, BAYRON FABIAN;C;C;C;C;C;C;C
61978419;FIESTAS RAMIREZ, JORDAN WILMER JUNIOR;C;C;B;B;A;B;AD
73722943;GAMARRA SERRATO, PERLA LUANA;AD;AD;A;B;A;A;B
73926304;GODINES PEREZ, MANUEL EDUARDO;A;A;A;C;A;A;AD
73833233;GUEVARA SANTA MARIA, PIERO YAIR;AD;AD;AD;AD;AD;AD;AD
12385630402480;ICANAQUE MEDINA, JUAN FELIPE;A;C;B;C;B;B;AD
73564669;JUAREZ HUANCAS, ANGELES MILUSKA;A;A;A;A;A;A;A
73923109;LEONARDO MONJA, FELIX JAVIER;A;A;B;B;B;AD;AD
73842068;LEYVA FLORES, ADRIANA ITARI;A;A;C;C;B;AD;B
62314176;LLONTOP PACHECO, KYARA ALEJANDRA;A;B;C;C;C;A;A
76106408;MOROCHO SALCEDO, CHRISTIAN ANDERSON;C;C;C;C;C;C;AD
73833326;NOLE HUANCAS, ANGELINA DEL MILAGRO;AD;AD;B;AD;AD;AD;AD
73925929;ORDOÑEZ BURGOS, KEISI CAMILA;A;A;C;C;A;A;A
62314077;PITA MENDOZA, JAIME ROGERIO;A;C;AD;B;B;A;A
74098837;PORTILLA DIAZ, JESUS ALEXANDER;A;A;A;A;A;A;A
77306569;QUESQUEN LARIOS, ANAHI ESTEFANY;AD;A;A;AD;B;A;AD
73836592;QUIROZ PAREDES, ANGHELO GEORGINIO;A;A;AD;A;C;AD;AD
71146330;REYES RIVERA, RAYTZA ELIZABETH;AD;A;C;AD;C;AD;A
73399868;SANGINES VERA, KELVIN MIGUEL;C;C;C;C;C;C;B
73410399;SIESQUEN CESPEDES, NAYELLY VIRGINIA;AD;AD;B;A;B;AD;AD
73280375;TELLO SANTISTEBAN, MILTÓN JOSEFF;AD;A;AD;AD;AD;AD;AD
72833219;TELLO VILLEGAS, BRANDO DANIEL JESUS;A;A;A;A;A;A;A
73833411;TORRES PERLECHE, ALISSON YHOSUE;A;A;A;B;C;A;AD
74275073;VASQUEZ NIÑO ALEXANDER JESHUA;C;C;C;C;C;C;AD
75289679;VASQUEZ TUCTO, KATHERINE NAYELI;AD;AD;A;AD;AD;A;AD
74274083;VERA DELGADO, DANIEL ALEXANDER;A;A;B;C;A;A;AD
62431861;YOVERA RIVAS, IVAN LEONARDO;A;B;C;B;C;A;A
